date_time,date_time,date_time,Temparature_dht11(2),humidity_dht11(2),6.5um,sfr,10um,12um,14um,16um,PM2.5_opc_n2_2,Bin1MTOF,8um,Bin5MTOF,PM1_opc_n2_2,Bin7MTOF,Checksum,Bin3MTOF,PM10_opc_n2_2,4um,5um,2.1um,3um,1.3um,1.6um,0.78um,1um,0.38um,0.54um,samplingPeriod
23.00,19.00,39.00,27.00,58.07,0.00,5.10,0.01,0.00,0.00,0.00,8.63,2.31,0.00,23.02,4.26,9.60,136.64,9.29,13.56,0.01,0.02,0.16,0.04,0.62,0.49,5.02,1.31,0.00,0.04,5970.24
23.00,19.00,40.00,27.00,59.63,0.00,4.05,0.00,0.00,0.00,0.01,11.86,1.98,0.00,25.40,5.71,14.29,150.19,9.73,18.68,0.02,0.01,0.28,0.08,0.63,0.84,6.67,2.03,0.00,0.04,3.47
23.00,19.00,41.00,27.31,61.13,0.00,4.91,0.00,0.00,0.00,0.00,10.06,2.73,0.00,28.54,5.02,7.06,165.19,8.96,13.68,0.02,0.01,0.20,0.02,0.54,0.68,5.74,1.49,0.00,0.30,3.79
23.00,19.00,42.00,28.00,62.53,0.00,5.09,0.00,0.00,0.00,0.00,8.17,5.02,0.00,24.89,5.01,10.80,171.33,9.98,11.80,0.02,0.00,0.18,0.02,0.40,0.55,2.29,0.79,0.51,4.53,3.66
23.00,19.00,43.00,28.00,62.88,0.00,5.28,0.00,0.00,0.00,0.00,8.63,4.53,0.00,25.37,5.06,15.12,167.29,10.16,12.12,0.00,0.00,0.16,0.04,0.51,0.57,3.08,0.91,0.10,3.82,3.45
23.00,19.00,44.00,28.00,61.61,0.00,5.66,0.00,0.00,0.00,0.00,7.65,4.35,0.00,21.31,4.61,13.69,153.56,11.54,11.91,0.02,0.00,0.19,0.04,0.47,0.53,1.98,0.78,0.03,4.53,3.16
23.00,19.00,45.00,28.00,59.81,0.01,5.62,0.01,0.00,0.00,0.00,7.94,4.40,0.00,23.60,4.81,11.15,189.81,11.23,14.40,0.02,0.01,0.16,0.03,0.61,0.49,2.10,0.82,0.02,4.66,3.79
23.00,19.00,46.00,28.00,57.94,0.02,5.55,0.01,0.00,0.00,0.01,9.86,4.48,0.00,16.29,6.41,13.96,245.31,9.08,20.28,0.03,0.03,0.19,0.06,0.46,0.45,2.26,0.96,2.12,5.81,3.63
23.00,19.00,47.00,28.00,56.73,0.00,5.39,0.00,0.00,0.00,0.00,11.73,4.58,0.00,11.67,8.08,12.53,330.80,8.62,16.80,0.03,0.02,0.14,0.08,0.41,0.40,2.50,1.04,3.86,7.18,3.83
23.00,19.00,48.00,27.35,55.47,0.01,5.19,0.00,0.00,0.00,0.01,13.14,4.75,0.01,8.55,9.22,7.06,321.24,7.39,23.24,0.03,0.01,0.16,0.07,0.36,0.34,2.79,1.27,4.79,8.06,3.46
23.00,19.00,49.00,27.00,55.00,0.02,5.24,0.00,0.01,0.00,0.00,13.23,4.73,0.01,8.90,9.32,8.65,329.41,7.33,24.42,0.01,0.01,0.18,0.07,0.44,0.37,2.75,1.03,5.09,8.16,3.46
23.00,19.00,50.00,27.11,55.11,0.00,5.33,0.01,0.00,0.00,0.01,12.65,4.61,0.01,8.30,8.95,5.94,293.33,7.63,23.51,0.03,0.03,0.15,0.05,0.41,0.33,2.55,1.08,4.74,8.01,3.16
23.00,19.00,51.00,27.81,55.81,0.00,5.30,0.00,0.00,0.00,0.00,13.37,4.67,0.01,8.98,9.32,8.10,363.56,7.31,21.41,0.02,0.03,0.17,0.06,0.41,0.43,2.87,1.22,4.92,8.03,3.79
23.00,19.00,52.00,28.00,56.00,0.00,5.28,0.00,0.00,0.00,0.00,13.08,4.67,0.00,9.23,9.21,7.63,345.06,7.50,16.68,0.02,0.01,0.18,0.07,0.42,0.37,2.59,1.17,4.92,8.22,3.63
23.00,19.00,53.00,28.00,56.00,0.01,5.27,0.00,0.00,0.00,0.00,13.41,4.69,0.00,8.85,9.29,7.50,346.81,7.35,20.55,0.01,0.02,0.22,0.08,0.44,0.38,2.93,1.22,5.01,7.86,3.63
23.00,19.00,54.00,28.00,56.00,0.00,5.29,0.01,0.00,0.01,0.00,13.29,4.67,0.00,8.74,9.19,7.85,302.83,7.50,22.79,0.02,0.01,0.22,0.06,0.47,0.37,2.83,1.29,5.05,7.77,3.16
23.00,19.00,55.00,28.00,56.00,0.01,5.54,0.00,0.00,0.00,0.00,13.00,4.44,0.00,8.41,9.09,5.65,321.17,7.24,16.62,0.03,0.01,0.17,0.05,0.32,0.37,2.88,1.28,4.79,7.74,3.30
23.00,19.00,56.00,28.00,55.80,0.00,5.43,0.00,0.00,0.00,0.00,12.69,4.56,0.00,8.73,8.84,6.76,360.20,7.40,17.43,0.02,0.02,0.22,0.04,0.40,0.35,2.62,1.23,4.85,7.63,3.83
23.00,19.00,57.00,28.00,56.00,0.00,5.37,0.00,0.00,0.00,0.00,12.96,4.59,0.00,8.37,9.08,6.25,329.00,7.37,17.69,0.01,0.02,0.17,0.05,0.44,0.37,2.73,1.20,4.78,7.92,3.46
23.00,19.00,58.00,28.06,56.06,0.00,5.34,0.00,0.01,0.00,0.00,13.17,4.63,0.00,8.90,9.32,5.00,335.41,7.53,20.74,0.02,0.01,0.18,0.04,0.36,0.37,2.75,1.16,5.18,8.07,3.46
23.00,19.00,59.00,28.82,56.00,0.01,5.34,0.00,0.00,0.00,0.00,12.82,4.63,0.00,8.53,8.92,7.02,324.76,7.37,16.63,0.03,0.01,0.24,0.06,0.45,0.34,2.56,1.22,4.90,7.78,3.46
23.00,20.00,0.00,29.00,56.18,0.01,5.39,0.00,0.00,0.00,0.00,12.98,4.59,0.00,8.53,9.08,7.35,330.76,7.24,19.29,0.02,0.01,0.16,0.08,0.35,0.38,2.82,1.19,5.02,7.68,3.46
23.00,20.00,1.00,29.00,56.75,0.00,5.35,0.00,0.00,0.00,0.00,13.00,4.60,0.00,8.31,9.05,7.60,344.88,7.31,17.61,0.03,0.02,0.18,0.06,0.38,0.43,2.69,1.22,4.81,7.89,3.64
23.00,20.00,2.00,29.00,57.00,0.00,5.36,0.00,0.01,0.00,0.00,13.27,4.61,0.00,9.04,9.22,7.80,323.76,7.51,20.61,0.02,0.01,0.16,0.07,0.47,0.43,2.78,1.36,5.15,7.79,3.31
23.00,20.00,3.00,29.00,57.00,0.01,5.43,0.00,0.00,0.00,0.00,13.10,4.55,0.00,8.76,9.04,7.00,334.35,7.37,17.79,0.03,0.00,0.25,0.08,0.40,0.40,2.78,1.12,4.84,7.79,3.46
23.00,20.00,4.00,29.00,57.24,0.00,5.47,0.01,0.00,0.00,0.00,13.63,4.49,0.00,8.80,9.44,8.75,351.71,7.37,19.65,0.03,0.00,0.19,0.08,0.45,0.47,2.81,1.28,5.09,8.18,3.46
23.00,20.00,5.00,29.00,57.88,0.00,5.50,0.00,0.00,0.00,0.00,13.93,4.50,0.00,9.04,9.51,9.42,376.88,7.25,17.70,0.03,0.02,0.21,0.08,0.52,0.53,2.92,1.40,4.99,8.14,3.64
23.00,20.00,6.00,29.00,58.65,0.01,5.49,0.00,0.00,0.00,0.00,13.69,4.49,0.00,8.73,9.55,6.41,353.06,7.47,16.15,0.02,0.01,0.21,0.05,0.45,0.38,2.99,1.21,5.06,8.18,3.46
23.00,20.00,7.00,29.00,59.13,0.00,5.27,0.00,0.00,0.00,0.00,14.69,4.71,0.00,8.69,10.23,5.62,383.88,7.65,18.23,0.02,0.00,0.23,0.05,0.49,0.44,3.13,1.42,5.60,8.69,3.63
23.00,20.00,8.00,29.00,59.11,0.00,5.28,0.00,0.00,0.00,0.00,14.65,4.68,0.00,8.46,10.13,7.28,333.53,7.37,17.62,0.01,0.01,0.24,0.08,0.54,0.46,3.08,1.43,5.58,8.58,3.16
23.00,20.00,9.00,29.00,60.21,0.00,5.34,0.00,0.00,0.00,0.00,14.61,4.62,0.00,8.40,10.22,5.88,435.14,7.64,17.27,0.02,0.02,0.23,0.04,0.51,0.41,2.97,1.45,5.57,8.88,4.06
23.00,20.00,10.00,29.00,59.89,0.01,5.26,0.00,0.00,0.00,0.00,14.71,4.69,0.00,8.63,10.26,5.78,353.22,7.33,16.84,0.02,0.01,0.19,0.04,0.60,0.51,2.97,1.44,5.73,8.82,3.30
23.00,20.00,11.00,29.00,59.33,0.01,5.42,0.00,0.00,0.00,0.00,14.98,4.53,0.00,8.78,10.36,4.53,424.73,7.67,18.77,0.01,0.01,0.28,0.04,0.58,0.50,3.07,1.38,5.51,9.01,3.83
23.00,20.00,12.00,29.00,60.26,0.00,5.49,0.00,0.00,0.00,0.00,15.15,4.51,0.00,8.30,10.56,6.93,359.84,7.47,17.68,0.03,0.01,0.20,0.06,0.56,0.49,3.10,1.42,5.76,9.15,3.16
23.00,20.00,13.00,29.00,59.07,0.00,5.31,0.00,0.00,0.00,0.00,14.93,4.67,0.00,8.73,10.34,6.11,415.00,7.20,17.74,0.01,0.01,0.19,0.07,0.59,0.59,3.11,1.37,5.62,8.87,3.83
23.00,20.00,14.00,29.00,59.06,0.00,5.40,0.00,0.00,0.00,0.00,14.69,4.55,0.01,8.33,10.11,6.25,375.47,7.55,20.07,0.03,0.01,0.28,0.06,0.50,0.50,2.91,1.48,5.49,8.81,3.46
23.00,20.00,15.00,29.00,59.94,0.00,5.31,0.00,0.00,0.00,0.00,15.04,4.65,0.00,8.65,10.35,10.55,378.41,7.39,17.23,0.03,0.00,0.23,0.10,0.52,0.52,3.15,1.43,5.65,8.81,3.47
23.00,20.00,16.00,29.00,61.35,0.00,5.41,0.00,0.00,0.00,0.00,15.42,4.57,0.00,8.51,10.68,8.12,393.94,7.51,17.93,0.02,0.02,0.24,0.07,0.49,0.53,3.28,1.43,6.01,8.99,3.46
23.00,20.00,17.00,29.14,61.86,0.00,5.31,0.00,0.00,0.00,0.00,16.10,4.67,0.00,8.31,11.15,6.86,471.71,7.40,19.22,0.04,0.01,0.28,0.06,0.57,0.52,3.47,1.39,6.20,9.40,4.07
23.00,20.00,18.00,29.17,61.44,0.01,5.28,0.00,0.00,0.00,0.00,15.94,4.67,0.00,8.52,11.02,6.41,363.56,7.70,19.56,0.02,0.01,0.27,0.08,0.57,0.55,3.27,1.49,6.13,9.44,3.16
23.00,20.00,19.00,29.24,60.82,0.00,5.27,0.00,0.00,0.00,0.00,15.84,4.69,0.00,8.55,10.96,6.80,399.24,7.37,17.50,0.02,0.00,0.27,0.07,0.58,0.58,3.17,1.53,6.19,9.39,3.46
23.00,20.00,20.00,29.73,61.60,0.00,5.40,0.00,0.00,0.00,0.00,15.68,4.56,0.00,8.42,10.92,7.29,463.00,7.42,18.99,0.03,0.00,0.23,0.05,0.49,0.58,3.27,1.42,5.86,9.48,4.01
23.00,20.00,21.00,30.00,62.06,0.00,5.33,0.00,0.00,0.00,0.00,16.34,4.65,0.00,8.65,11.32,7.88,391.12,7.57,18.40,0.02,0.01,0.26,0.06,0.58,0.58,3.42,1.47,5.85,9.90,3.31
23.00,20.00,22.00,29.94,62.88,0.00,5.31,0.00,0.00,0.00,0.00,16.34,4.65,0.00,8.56,11.41,8.79,433.75,7.48,19.05,0.01,0.00,0.26,0.06,0.55,0.49,3.46,1.50,6.33,9.73,3.63
23.00,20.00,23.00,30.00,62.76,0.00,5.30,0.00,0.00,0.00,0.00,17.00,4.65,0.00,8.98,11.84,6.98,423.53,7.43,19.41,0.03,0.01,0.21,0.08,0.57,0.57,3.60,1.62,6.38,10.16,3.45
23.00,20.00,24.00,30.00,61.06,0.00,5.42,0.00,0.00,0.00,0.00,15.36,4.57,0.00,8.49,10.73,6.47,393.94,7.29,17.42,0.01,0.00,0.22,0.05,0.56,0.51,3.14,1.45,5.80,9.34,3.45
23.00,20.00,25.00,30.00,61.27,0.00,5.35,0.00,0.00,0.00,0.00,16.13,4.60,0.00,8.22,11.18,7.71,469.93,7.60,18.99,0.02,0.00,0.28,0.05,0.56,0.49,3.38,1.62,6.10,9.54,4.00
23.00,20.00,26.00,30.00,61.53,0.00,5.38,0.00,0.00,0.00,0.00,15.79,4.61,0.00,8.76,11.03,6.04,406.82,7.47,18.16,0.02,0.00,0.24,0.04,0.56,0.52,3.22,1.53,6.24,9.43,3.46
23.00,20.00,27.00,30.00,61.50,0.00,5.41,0.00,0.00,0.00,0.00,15.71,4.56,0.00,8.37,10.90,8.87,418.81,7.42,17.44,0.02,0.00,0.21,0.07,0.55,0.47,3.42,1.54,5.67,9.33,3.63
23.00,20.00,28.00,30.00,62.18,0.00,5.24,0.00,0.00,0.00,0.00,16.03,4.71,0.00,9.16,11.16,6.41,384.12,7.63,19.01,0.01,0.01,0.26,0.05,0.58,0.53,3.20,1.60,6.38,9.56,3.31
23.00,20.00,29.00,30.00,62.40,0.00,5.37,0.00,0.00,0.00,0.00,16.22,4.60,0.00,8.20,11.31,5.56,476.93,7.60,18.31,0.02,0.01,0.26,0.03,0.55,0.50,3.50,1.53,6.30,9.51,4.00
23.00,20.00,30.00,30.00,63.00,0.00,5.43,0.00,0.00,0.00,0.00,15.98,4.53,0.00,8.73,11.07,7.65,409.82,7.67,18.46,0.02,0.00,0.21,0.08,0.58,0.56,3.47,1.50,6.15,9.25,3.46
23.00,20.00,31.00,30.00,63.65,0.00,5.36,0.00,0.00,0.00,0.00,16.44,4.61,0.00,8.55,11.41,9.08,401.29,7.51,20.03,0.02,0.01,0.24,0.08,0.53,0.63,3.30,1.54,6.30,9.91,3.31
23.00,20.00,32.00,30.00,63.94,0.01,5.40,0.00,0.00,0.00,0.00,17.24,4.57,0.00,8.63,11.97,7.57,419.78,7.15,20.44,0.03,0.01,0.28,0.06,0.61,0.60,3.54,1.55,6.60,10.33,3.30
23.00,20.00,33.00,30.00,65.00,0.00,5.41,0.00,0.00,0.00,0.00,17.10,4.57,0.00,8.37,11.95,6.59,401.00,7.37,18.89,0.02,0.01,0.26,0.06,0.65,0.56,3.53,1.50,6.55,10.36,3.16
23.00,20.00,34.00,30.00,65.06,0.00,5.45,0.00,0.00,0.00,0.00,17.26,4.51,0.00,8.33,11.92,5.45,446.71,7.25,18.97,0.02,0.00,0.28,0.04,0.63,0.67,3.55,1.71,6.62,10.14,3.46
23.00,20.00,35.00,30.00,65.71,0.00,5.43,0.00,0.00,0.00,0.00,17.17,4.55,0.00,8.73,12.01,7.16,445.35,7.25,19.32,0.02,0.01,0.28,0.06,0.57,0.59,3.43,1.57,6.77,10.42,3.46
23.00,20.00,36.00,30.00,66.12,0.00,5.36,0.00,0.00,0.00,0.00,17.44,4.63,0.00,8.90,12.19,5.39,448.59,7.31,18.86,0.01,0.00,0.24,0.05,0.66,0.64,3.55,1.61,7.04,10.37,3.46
23.00,20.00,37.00,30.00,66.12,0.00,5.33,0.00,0.00,0.00,0.00,17.46,4.63,0.00,8.84,12.16,6.14,478.35,7.55,20.54,0.02,0.00,0.26,0.05,0.59,0.61,3.66,1.63,6.77,10.35,3.76
23.00,20.00,38.00,30.00,66.63,0.00,5.28,0.00,0.00,0.00,0.00,17.92,4.67,0.00,8.60,12.56,7.21,428.19,7.71,20.12,0.02,0.00,0.26,0.06,0.55,0.53,3.96,1.54,6.79,10.67,3.31
23.00,20.00,39.00,30.00,66.22,0.00,5.37,0.00,0.00,0.00,0.00,17.19,4.61,0.00,8.56,12.02,6.74,399.78,7.28,19.02,0.03,0.00,0.22,0.06,0.63,0.60,3.51,1.54,6.51,10.49,3.16
23.00,20.00,40.00,30.00,66.00,0.00,5.35,0.00,0.00,0.00,0.00,17.64,4.61,0.00,9.02,12.27,4.26,423.00,7.37,19.82,0.02,0.01,0.29,0.04,0.63,0.57,3.75,1.63,6.64,10.50,3.30
23.00,20.00,41.00,30.00,66.00,0.00,5.31,0.00,0.00,0.00,0.00,17.20,4.65,0.00,8.72,11.98,11.76,434.17,8.02,19.23,0.02,0.00,0.25,0.09,0.58,0.67,3.40,1.57,6.67,10.47,3.44
23.00,20.00,42.00,30.00,66.00,0.01,5.38,0.00,0.00,0.00,0.00,17.25,4.58,0.00,9.00,11.96,9.04,439.44,7.23,19.91,0.03,0.00,0.32,0.06,0.60,0.61,3.54,1.49,6.60,10.32,3.47
23.00,20.00,43.00,30.00,65.94,0.00,5.35,0.00,0.00,0.00,0.00,17.13,4.63,0.00,8.67,11.90,8.67,433.41,7.65,20.09,0.01,0.01,0.29,0.10,0.58,0.56,3.49,1.57,6.61,10.27,3.46
23.00,20.00,44.00,30.00,65.00,0.00,5.31,0.00,0.00,0.00,0.00,17.31,4.63,0.00,8.77,12.03,8.77,482.19,7.38,18.95,0.01,0.00,0.24,0.11,0.66,0.59,3.52,1.63,6.72,10.33,3.79
23.00,20.00,45.00,30.00,65.06,0.00,5.41,0.00,0.00,0.00,0.00,16.77,4.57,0.00,9.06,11.69,8.20,414.88,7.53,20.29,0.03,0.02,0.25,0.07,0.60,0.54,3.36,1.60,6.71,10.02,3.31
23.00,20.00,46.00,30.00,66.00,0.00,5.42,0.00,0.00,0.00,0.00,17.41,4.55,0.00,8.59,12.09,5.39,425.71,7.43,19.52,0.02,0.01,0.23,0.04,0.66,0.68,3.75,1.54,6.54,10.28,3.31
23.00,20.00,47.00,30.00,65.89,0.00,5.31,0.00,0.00,0.00,0.00,17.80,4.67,0.00,8.65,12.37,8.33,423.17,7.41,20.51,0.01,0.01,0.23,0.08,0.65,0.66,3.81,1.55,6.63,10.60,3.30
23.00,20.00,48.00,30.00,65.19,0.00,5.35,0.00,0.00,0.00,0.00,17.28,4.60,0.00,8.48,11.95,6.25,463.38,7.35,19.17,0.02,0.00,0.32,0.05,0.65,0.68,3.42,1.57,6.85,10.26,3.64
23.00,20.00,49.00,30.00,65.83,0.00,5.31,0.00,0.00,0.00,0.00,17.84,4.67,0.00,8.59,12.34,7.72,432.00,7.50,20.32,0.02,0.01,0.28,0.07,0.70,0.69,3.55,1.68,6.98,10.61,3.31
23.00,20.00,50.00,30.00,65.50,0.00,5.43,0.00,0.00,0.00,0.00,16.79,4.54,0.00,8.73,11.77,7.56,457.38,7.33,18.35,0.02,0.00,0.28,0.06,0.58,0.55,3.22,1.60,6.64,10.36,3.63
23.00,20.00,51.00,30.00,66.00,0.00,5.31,0.00,0.00,0.00,0.00,17.45,4.65,0.00,8.65,12.13,6.43,403.94,7.37,19.79,0.02,0.01,0.27,0.05,0.73,0.60,3.54,1.60,6.92,10.35,3.16
23.00,20.00,52.00,30.00,66.31,0.00,5.34,0.00,0.00,0.00,0.00,17.50,4.63,0.00,8.73,12.15,6.13,465.19,7.50,19.39,0.01,0.00,0.29,0.04,0.73,0.54,3.76,1.59,6.72,10.25,3.63
23.00,20.00,53.00,30.00,66.47,0.00,5.33,0.00,0.00,0.00,0.00,17.95,4.63,0.00,9.11,12.54,6.05,417.53,7.09,19.69,0.01,0.00,0.27,0.05,0.66,0.65,3.64,1.62,6.96,10.86,3.17
23.00,20.00,54.00,30.00,66.24,0.00,5.28,0.00,0.00,0.00,0.00,17.79,4.67,0.00,8.67,12.37,4.96,422.47,7.49,20.75,0.04,0.00,0.27,0.05,0.63,0.61,3.70,1.61,6.63,10.72,3.31
23.00,20.00,55.00,30.00,66.68,0.00,5.47,0.00,0.00,0.00,0.00,17.24,4.51,0.00,8.54,11.97,7.86,412.53,7.32,19.35,0.02,0.01,0.27,0.07,0.63,0.70,3.33,1.60,6.86,10.39,3.16
23.00,20.00,56.00,30.00,67.00,0.00,5.37,0.00,0.00,0.00,0.00,17.46,4.60,0.00,8.27,12.19,8.31,450.75,7.35,19.28,0.02,0.01,0.31,0.05,0.58,0.64,3.62,1.45,7.12,10.31,3.48
23.00,20.00,57.00,30.00,66.59,0.00,5.35,0.00,0.00,0.00,0.00,17.80,4.61,0.00,8.80,12.30,7.25,449.88,7.31,20.13,0.02,0.01,0.32,0.06,0.60,0.69,3.74,1.56,6.89,10.43,3.46
23.00,20.00,58.00,30.00,66.76,0.00,5.36,0.00,0.00,0.00,0.00,17.48,4.61,0.00,8.69,12.19,7.27,446.76,7.37,19.76,0.03,0.01,0.26,0.07,0.61,0.64,3.59,1.54,7.21,10.25,3.45
23.00,20.00,59.00,30.00,66.94,0.01,5.40,0.00,0.00,0.00,0.00,17.39,4.57,0.00,8.87,12.03,7.93,427.11,7.19,19.97,0.02,0.00,0.27,0.09,0.63,0.68,3.53,1.64,6.88,10.23,3.30
23.00,21.00,0.00,30.00,66.83,0.00,5.44,0.00,0.00,0.00,0.00,16.95,4.54,0.00,8.80,11.89,4.56,402.50,7.65,18.51,0.02,0.00,0.25,0.04,0.66,0.55,3.42,1.55,6.64,10.31,3.16
23.00,21.00,1.00,30.00,66.88,0.00,5.36,0.00,0.00,0.00,0.00,18.00,4.60,0.00,8.40,12.53,8.33,480.00,7.44,20.28,0.02,0.01,0.29,0.08,0.63,0.57,3.70,1.67,6.91,10.80,3.63
23.00,21.00,2.00,30.00,67.00,0.00,5.40,0.00,0.00,0.00,0.00,17.51,4.57,0.00,8.45,12.19,6.37,448.94,7.31,19.36,0.02,0.01,0.32,0.05,0.57,0.65,3.56,1.52,6.78,10.56,3.46
23.00,21.00,3.00,30.00,66.65,0.00,5.27,0.00,0.00,0.00,0.00,17.74,4.69,0.00,8.82,12.39,5.31,445.24,7.59,20.26,0.01,0.01,0.27,0.04,0.62,0.65,3.68,1.61,7.05,10.55,3.46
23.00,21.00,4.00,30.00,66.67,0.00,5.39,0.00,0.00,0.00,0.00,17.74,4.57,0.00,8.61,12.24,8.70,434.17,7.57,19.86,0.03,0.00,0.28,0.09,0.75,0.64,3.63,1.61,7.07,10.31,3.30
23.00,21.00,5.00,30.07,67.00,0.00,5.35,0.00,0.00,0.00,0.00,18.26,4.60,0.00,8.98,12.73,9.00,515.27,7.58,20.07,0.02,0.00,0.25,0.08,0.66,0.63,3.91,1.55,7.28,10.70,3.84
23.00,21.00,6.00,30.06,67.06,0.01,5.43,0.00,0.00,0.00,0.00,17.81,4.54,0.00,8.69,12.39,7.33,439.22,7.41,21.60,0.01,0.01,0.27,0.07,0.67,0.64,3.64,1.59,6.95,10.64,3.30
23.00,21.00,7.00,30.06,67.06,0.00,5.39,0.00,0.00,0.00,0.00,17.69,4.59,0.00,8.48,12.27,4.81,434.17,7.43,19.98,0.02,0.01,0.33,0.04,0.63,0.65,3.63,1.60,7.14,10.35,3.30
23.00,21.00,8.00,30.25,66.94,0.00,5.38,0.00,0.00,0.00,0.00,17.72,4.58,0.00,8.56,12.33,5.83,455.19,7.44,19.54,0.02,0.01,0.26,0.05,0.71,0.67,3.67,1.53,7.04,10.47,3.48
23.00,21.00,9.00,30.38,67.31,0.00,5.36,0.00,0.00,0.00,0.00,18.00,4.60,0.00,8.60,12.47,8.83,481.50,7.40,20.40,0.03,0.01,0.31,0.07,0.64,0.67,3.72,1.55,7.12,10.59,3.64
23.00,21.00,10.00,30.38,67.25,0.00,5.42,0.00,0.00,0.00,0.00,17.21,4.54,0.00,8.92,12.06,8.31,471.06,7.56,18.75,0.01,0.00,0.22,0.06,0.57,0.65,3.58,1.62,7.01,10.15,3.64
23.00,21.00,11.00,30.22,66.72,0.00,5.51,0.00,0.00,0.00,0.00,17.50,4.48,0.01,8.48,12.22,7.69,437.89,7.52,21.76,0.01,0.02,0.28,0.07,0.60,0.52,3.64,1.62,6.92,10.40,3.30
23.00,21.00,12.00,30.61,67.39,0.00,5.40,0.00,0.00,0.00,0.00,17.93,4.57,0.00,8.26,12.46,7.30,438.89,7.30,20.38,0.02,0.01,0.30,0.06,0.67,0.65,3.66,1.52,7.03,10.70,3.30
23.00,21.00,13.00,31.00,67.69,0.00,5.46,0.00,0.00,0.00,0.00,17.75,4.52,0.00,8.83,12.34,7.40,465.56,7.44,19.84,0.02,0.01,0.30,0.07,0.66,0.67,3.44,1.61,6.94,10.81,3.48
23.00,21.00,14.00,31.00,68.00,0.00,5.47,0.00,0.00,0.00,0.00,17.75,4.50,0.00,8.67,12.31,7.98,502.63,7.19,19.64,0.01,0.00,0.26,0.09,0.66,0.62,3.70,1.68,6.80,10.49,3.79
23.00,21.00,15.00,31.00,67.83,0.00,5.33,0.00,0.00,0.00,0.00,18.02,4.65,0.00,8.94,12.59,6.83,418.83,7.44,20.95,0.02,0.01,0.26,0.06,0.65,0.65,3.68,1.59,7.21,10.77,3.16
23.00,21.00,16.00,31.00,67.94,0.00,5.34,0.00,0.00,0.00,0.00,18.18,4.60,0.00,8.83,12.73,10.25,485.44,7.35,21.58,0.01,0.01,0.25,0.08,0.65,0.62,3.83,1.50,7.24,10.84,3.63
23.00,21.00,17.00,31.00,68.00,0.01,5.37,0.00,0.00,0.00,0.00,17.93,4.61,0.00,8.67,12.56,7.25,460.06,7.24,20.16,0.02,0.00,0.29,0.05,0.69,0.58,3.60,1.58,7.11,10.87,3.45
23.00,21.00,18.00,31.00,68.00,0.00,5.27,0.00,0.00,0.00,0.00,18.14,4.71,0.00,8.56,12.55,6.54,496.13,7.38,20.77,0.02,0.02,0.29,0.05,0.65,0.67,3.88,1.68,7.12,10.47,3.79
23.00,21.00,19.00,31.00,68.00,0.00,5.40,0.00,0.00,0.00,0.00,18.05,4.55,0.00,8.45,12.59,6.47,440.82,7.43,19.84,0.03,0.00,0.25,0.06,0.62,0.63,3.80,1.62,6.85,10.83,3.31
23.00,21.00,20.00,31.00,68.00,0.00,5.36,0.00,0.00,0.00,0.00,17.96,4.60,0.00,8.79,12.52,7.56,481.88,7.04,20.20,0.03,0.01,0.23,0.08,0.63,0.62,3.63,1.74,6.94,10.83,3.63
23.00,21.00,21.00,31.00,68.00,0.00,5.37,0.00,0.00,0.00,0.00,18.17,4.58,0.00,8.52,12.68,7.87,516.00,7.37,20.03,0.02,0.00,0.29,0.08,0.56,0.62,3.63,1.78,7.31,10.87,3.79
23.00,21.00,22.00,31.00,68.00,0.00,5.42,0.00,0.00,0.00,0.00,17.86,4.57,0.00,8.69,12.36,8.04,436.00,7.33,19.41,0.01,0.00,0.30,0.06,0.65,0.67,3.89,1.53,6.84,10.36,3.31
23.00,21.00,23.00,31.00,68.00,0.00,5.32,0.00,0.00,0.00,0.00,18.50,4.63,0.00,8.44,12.91,7.78,444.89,7.43,20.45,0.02,0.01,0.31,0.05,0.64,0.65,3.82,1.62,7.12,11.15,3.30
23.00,21.00,24.00,31.00,68.00,0.00,5.35,0.00,0.00,0.00,0.00,18.27,4.62,0.00,8.36,12.76,7.60,533.20,7.49,19.93,0.01,0.00,0.28,0.06,0.62,0.64,3.74,1.64,6.95,11.11,4.01
23.00,21.00,25.00,31.00,68.00,0.00,5.40,0.00,0.00,0.00,0.00,18.04,4.58,0.00,8.64,12.63,6.91,493.87,7.29,19.70,0.03,0.00,0.26,0.05,0.69,0.64,3.62,1.61,7.13,10.93,3.67
23.00,21.00,26.00,31.00,68.00,0.00,5.36,0.00,0.00,0.00,0.00,18.13,4.59,0.00,8.69,12.69,6.61,479.82,7.49,20.00,0.02,0.01,0.28,0.06,0.67,0.58,3.72,1.60,6.70,11.17,3.61
23.00,21.00,27.00,31.00,68.00,0.00,5.34,0.00,0.00,0.00,0.00,17.94,4.63,0.00,8.73,12.52,5.60,457.44,7.42,19.65,0.01,0.01,0.30,0.04,0.53,0.70,3.61,1.67,7.04,10.83,3.48
23.00,21.00,28.00,31.00,68.00,0.01,5.40,0.00,0.00,0.00,0.00,17.94,4.58,0.00,8.54,12.54,5.16,421.16,7.26,20.44,0.02,0.01,0.25,0.05,0.62,0.64,3.74,1.62,7.04,10.71,3.16
23.00,21.00,29.00,31.00,68.71,0.00,5.33,0.00,0.00,0.00,0.00,18.46,4.65,0.00,8.63,12.83,4.65,447.24,7.63,21.04,0.01,0.00,0.27,0.04,0.73,0.65,3.99,1.68,7.24,10.70,3.32
23.00,21.00,30.00,31.00,68.35,0.00,5.26,0.00,0.00,0.00,0.00,18.68,4.69,0.00,9.00,13.09,7.04,468.53,7.57,20.45,0.02,0.00,0.28,0.06,0.67,0.69,3.81,1.56,7.60,11.19,3.46
23.00,21.00,31.00,31.00,68.18,0.00,5.28,0.00,0.00,0.00,0.00,18.94,4.67,0.00,8.86,13.18,6.82,474.53,7.43,21.00,0.03,0.00,0.30,0.06,0.66,0.66,4.01,1.65,7.58,11.08,3.46
23.00,21.00,32.00,31.00,68.72,0.00,5.43,0.00,0.00,0.00,0.00,17.38,4.54,0.00,8.57,12.21,7.39,432.83,7.20,19.61,0.01,0.01,0.21,0.06,0.57,0.68,3.39,1.61,6.98,10.65,3.30
23.00,21.00,33.00,31.00,68.00,0.00,5.46,0.00,0.00,0.00,0.00,18.10,4.51,0.00,8.69,12.62,7.45,451.76,7.33,20.95,0.03,0.01,0.29,0.07,0.63,0.63,3.60,1.64,7.13,10.95,3.31
23.00,21.00,34.00,31.00,68.24,0.00,5.36,0.00,0.00,0.00,0.00,18.44,4.61,0.00,8.90,12.88,7.51,490.94,7.31,21.80,0.02,0.00,0.30,0.05,0.63,0.58,3.87,1.72,7.35,10.87,3.60
23.00,21.00,35.00,31.00,68.44,0.00,5.40,0.00,0.00,0.00,0.00,18.60,4.58,0.00,8.65,12.87,7.96,474.31,7.21,20.70,0.01,0.00,0.33,0.08,0.58,0.77,3.84,1.62,7.08,11.08,3.47
23.00,21.00,36.00,31.00,68.89,0.00,5.42,0.00,0.00,0.00,0.00,18.53,4.54,0.00,8.87,12.84,7.37,451.72,7.44,20.35,0.01,0.00,0.28,0.05,0.69,0.73,3.86,1.66,6.78,11.16,3.30
23.00,21.00,37.00,31.00,68.14,0.00,5.46,0.00,0.00,0.00,0.00,18.11,4.52,0.00,8.52,12.68,7.81,574.00,7.57,20.20,0.02,0.01,0.25,0.04,0.60,0.65,3.86,1.59,6.97,10.84,4.24
23.00,21.00,38.00,31.00,68.00,0.00,5.50,0.00,0.00,0.00,0.00,18.29,4.48,0.00,8.41,12.81,6.65,456.56,7.43,20.28,0.01,0.01,0.26,0.06,0.58,0.65,3.78,1.61,7.06,11.09,3.30
23.00,21.00,39.00,31.00,68.00,0.00,5.41,0.00,0.00,0.00,0.00,18.20,4.57,0.00,8.61,12.62,5.02,445.00,7.55,19.97,0.03,0.00,0.30,0.05,0.66,0.64,3.86,1.65,7.20,10.57,3.31
23.00,21.00,40.00,31.00,68.88,0.01,5.37,0.00,0.00,0.00,0.00,18.90,4.61,0.00,8.90,13.10,7.27,479.12,7.27,21.90,0.02,0.01,0.34,0.06,0.76,0.63,3.88,1.67,7.18,11.31,3.46
23.00,21.00,41.00,31.00,69.00,0.00,5.30,0.00,0.00,0.00,0.00,18.96,4.67,0.00,8.56,13.31,7.65,523.06,7.42,21.78,0.02,0.01,0.19,0.05,0.68,0.74,3.92,1.68,7.37,11.48,3.80
23.00,21.00,42.00,31.00,69.00,0.00,5.41,0.00,0.00,0.00,0.00,18.17,4.54,0.00,8.69,12.77,6.29,473.25,7.27,19.89,0.02,0.00,0.21,0.04,0.70,0.65,3.83,1.58,7.26,10.83,3.48
23.00,21.00,43.00,31.00,69.00,0.00,5.27,0.00,0.00,0.00,0.00,18.87,4.69,0.00,8.56,13.23,7.98,521.38,7.46,21.03,0.01,0.00,0.33,0.06,0.64,0.64,3.78,1.60,7.55,11.48,3.80
23.00,21.00,44.00,31.00,69.00,0.01,5.27,0.00,0.00,0.00,0.00,19.38,4.69,0.00,8.69,13.49,7.00,466.65,7.69,22.86,0.02,0.01,0.35,0.05,0.65,0.68,3.95,1.75,7.71,11.52,3.32
23.00,21.00,45.00,31.00,69.06,0.00,5.27,0.00,0.00,0.00,0.00,19.08,4.69,0.00,8.46,13.36,6.12,505.06,7.42,22.28,0.04,0.01,0.27,0.06,0.64,0.61,3.88,1.79,7.54,11.51,3.64
23.00,21.00,46.00,31.00,69.00,0.01,5.37,0.00,0.00,0.00,0.00,18.59,4.60,0.00,9.09,12.92,8.19,434.00,7.58,21.13,0.02,0.01,0.29,0.06,0.65,0.74,3.81,1.64,7.35,11.03,3.16
23.00,21.00,47.00,31.00,69.00,0.00,5.27,0.00,0.00,0.00,0.00,18.58,4.69,0.00,8.85,13.01,6.90,491.00,7.60,20.66,0.02,0.01,0.29,0.05,0.65,0.64,3.72,1.70,7.39,11.25,3.64
23.00,21.00,48.00,31.00,68.59,0.00,5.35,0.00,0.00,0.00,0.00,18.75,4.61,0.00,8.39,13.10,6.43,476.18,7.47,20.40,0.01,0.00,0.32,0.05,0.61,0.66,3.89,1.61,7.26,11.30,3.46
23.00,21.00,49.00,31.00,68.69,0.00,5.33,0.00,0.00,0.00,0.00,19.13,4.63,0.00,9.08,13.37,6.04,490.63,7.54,20.53,0.01,0.00,0.32,0.04,0.59,0.77,3.83,1.76,7.73,11.47,3.48
23.00,21.00,50.00,31.00,68.88,0.00,5.42,0.00,0.00,0.00,0.00,18.84,4.56,0.00,8.88,13.20,7.58,560.31,7.73,21.33,0.02,0.01,0.24,0.06,0.73,0.70,3.84,1.56,7.55,11.34,3.95
23.00,21.00,51.00,31.00,69.00,0.00,5.25,0.00,0.00,0.00,0.00,18.91,4.71,0.00,8.57,13.23,6.90,454.76,7.63,21.46,0.01,0.00,0.28,0.07,0.66,0.67,3.93,1.64,7.64,11.22,3.31
23.00,21.00,52.00,31.00,69.00,0.00,5.23,0.00,0.00,0.00,0.00,19.37,4.71,0.00,8.75,13.60,7.59,465.47,7.88,21.32,0.02,0.00,0.32,0.06,0.66,0.65,3.88,1.72,8.08,11.59,3.31
23.00,21.00,53.00,31.00,69.00,0.00,5.21,0.00,0.00,0.00,0.00,19.76,4.76,0.00,8.75,13.75,9.47,489.82,7.33,21.98,0.04,0.00,0.31,0.08,0.66,0.75,4.01,1.74,7.74,11.84,3.46
23.00,21.00,54.00,31.00,69.00,0.00,5.20,0.00,0.00,0.00,0.00,19.55,4.75,0.00,8.71,13.78,5.79,515.88,7.98,20.94,0.01,0.00,0.26,0.06,0.63,0.71,4.01,1.70,7.97,11.78,3.63
23.00,21.00,55.00,31.00,69.00,0.00,5.25,0.00,0.00,0.00,0.00,19.94,4.69,0.00,8.75,13.85,8.20,497.59,7.37,22.96,0.03,0.02,0.37,0.06,0.64,0.71,4.08,1.76,7.92,11.82,3.46
23.00,21.00,56.00,31.00,69.00,0.00,5.23,0.00,0.00,0.00,0.00,19.38,4.72,0.00,8.78,13.60,7.56,442.22,7.46,21.20,0.01,0.01,0.30,0.07,0.67,0.66,3.99,1.64,7.77,11.66,3.16
23.00,21.00,57.00,31.00,69.00,0.00,5.28,0.00,0.00,0.00,0.00,19.18,4.67,0.00,8.65,13.45,5.06,483.12,7.51,21.26,0.02,0.01,0.32,0.05,0.68,0.61,3.95,1.63,7.57,11.59,3.45
23.00,21.00,58.00,31.00,69.00,0.00,5.37,0.00,0.00,0.00,0.00,18.74,4.58,0.00,8.64,13.16,8.87,561.47,7.62,21.10,0.03,0.01,0.30,0.07,0.61,0.62,3.86,1.54,7.63,11.25,4.00
23.00,21.00,59.00,31.00,69.00,0.00,5.41,0.00,0.00,0.00,0.00,18.80,4.58,0.00,9.24,13.20,5.44,537.13,7.56,20.38,0.01,0.00,0.32,0.05,0.60,0.64,3.92,1.59,7.65,11.20,3.83
23.00,22.00,0.00,31.00,69.00,0.00,5.28,0.00,0.00,0.00,0.00,19.52,4.69,0.00,8.96,13.63,10.19,517.13,7.50,21.73,0.01,0.00,0.33,0.07,0.72,0.60,4.02,1.79,7.86,11.55,3.63
23.00,22.00,1.00,31.00,69.06,0.00,5.36,0.00,0.00,0.00,0.00,19.36,4.60,0.00,8.79,13.41,6.98,513.38,7.48,21.11,0.01,0.01,0.27,0.07,0.69,0.78,4.20,1.67,7.26,11.36,3.64
23.00,22.00,2.00,31.00,69.47,0.00,5.34,0.00,0.00,0.00,0.00,19.23,4.62,0.00,8.42,13.33,8.20,562.00,7.56,22.66,0.03,0.00,0.30,0.05,0.72,0.71,3.99,1.76,7.33,11.43,4.00
23.00,22.00,3.00,31.00,69.00,0.00,5.29,0.00,0.00,0.00,0.00,19.34,4.67,0.00,9.04,13.67,5.94,486.65,7.65,20.83,0.01,0.00,0.27,0.06,0.54,0.69,3.97,1.59,7.57,11.96,3.46
23.00,22.00,4.00,31.00,69.00,0.00,5.28,0.00,0.00,0.00,0.00,19.66,4.67,0.00,8.98,13.81,8.18,496.47,7.55,22.35,0.04,0.01,0.24,0.08,0.66,0.70,4.01,1.66,7.84,11.92,3.46
23.00,22.00,5.00,31.00,69.00,0.00,5.39,0.00,0.00,0.00,0.00,19.28,4.56,0.00,8.75,13.50,8.48,521.75,7.48,22.41,0.02,0.02,0.31,0.05,0.67,0.71,3.84,1.65,7.63,11.75,3.63
23.00,22.00,6.00,31.00,69.00,0.00,5.30,0.00,0.00,0.00,0.00,19.67,4.67,0.00,9.08,13.72,6.57,492.00,7.67,21.81,0.03,0.00,0.34,0.06,0.59,0.69,4.16,1.68,7.69,11.69,3.46
23.00,22.00,7.00,31.00,69.00,0.00,5.30,0.00,0.00,0.00,0.00,19.70,4.67,0.00,9.14,13.72,9.65,473.41,7.78,22.10,0.01,0.00,0.29,0.08,0.69,0.73,4.22,1.62,7.71,11.60,3.31
23.00,22.00,8.00,31.00,69.43,0.00,5.30,0.00,0.00,0.00,0.00,19.72,4.64,0.00,9.05,13.71,7.74,607.29,7.52,22.34,0.02,0.01,0.34,0.06,0.72,0.69,4.19,1.62,7.62,11.68,4.25
23.00,22.00,9.00,31.00,69.40,0.00,5.31,0.00,0.00,0.00,0.00,19.52,4.67,0.00,8.96,13.77,7.47,578.73,7.62,21.31,0.03,0.00,0.30,0.05,0.65,0.62,3.95,1.63,7.94,11.91,4.01
23.00,22.00,10.00,31.00,69.00,0.00,5.22,0.00,0.00,0.00,0.00,19.90,4.73,0.00,8.82,13.97,8.51,548.73,7.73,22.26,0.02,0.02,0.26,0.05,0.63,0.62,4.24,1.91,8.01,11.73,3.83
23.00,22.00,11.00,31.00,69.00,0.00,5.25,0.00,0.00,0.00,0.00,19.21,4.69,0.00,8.65,13.52,5.47,481.82,8.10,21.33,0.03,0.01,0.26,0.06,0.67,0.64,3.97,1.59,7.77,11.59,3.46
23.00,22.00,12.00,31.00,69.75,0.00,5.17,0.00,0.00,0.00,0.00,19.96,4.79,0.00,9.29,14.12,5.19,521.19,7.79,21.29,0.01,0.00,0.27,0.05,0.64,0.69,4.11,1.68,8.18,12.10,3.63
23.00,22.00,13.00,31.00,69.59,0.00,5.18,0.00,0.00,0.00,0.00,19.59,4.75,0.00,9.00,13.90,5.00,467.41,7.71,21.16,0.01,0.00,0.29,0.04,0.63,0.59,3.95,1.70,7.97,12.07,3.31
23.00,22.00,14.00,31.00,69.00,0.00,5.33,0.00,0.00,0.00,0.00,18.74,4.63,0.00,8.67,13.19,5.75,480.59,7.55,20.48,0.01,0.01,0.25,0.06,0.75,0.65,3.74,1.62,7.61,11.40,3.45
23.00,22.00,15.00,31.00,69.44,0.00,5.34,0.00,0.00,0.00,0.00,19.51,4.61,0.00,8.54,13.66,8.19,472.17,7.61,21.51,0.02,0.00,0.27,0.07,0.65,0.73,4.06,1.62,7.53,11.81,3.30
23.00,22.00,16.00,31.00,69.28,0.00,5.33,0.00,0.00,0.00,0.00,18.83,4.65,0.00,8.44,13.28,4.91,438.28,7.78,20.16,0.01,0.00,0.27,0.04,0.65,0.56,3.99,1.65,7.56,11.29,3.16
23.00,22.00,17.00,31.00,69.78,0.00,5.28,0.00,0.00,0.00,0.00,19.44,4.69,0.00,8.93,13.78,3.89,470.67,7.37,21.00,0.01,0.01,0.26,0.04,0.64,0.57,4.07,1.68,8.02,11.72,3.30
23.00,22.00,18.00,31.00,69.18,0.00,5.14,0.00,0.00,0.00,0.00,19.58,4.80,0.00,8.76,13.81,6.73,484.71,7.71,21.24,0.02,0.00,0.25,0.04,0.70,0.76,3.91,1.62,8.01,11.94,3.46
23.00,22.00,19.00,31.00,69.71,0.00,5.34,0.00,0.00,0.00,0.00,19.08,4.61,0.00,8.65,13.56,6.75,514.76,7.49,20.52,0.01,0.00,0.25,0.04,0.65,0.62,3.83,1.63,7.97,11.68,3.60
23.00,22.00,20.00,31.00,70.00,0.00,5.28,0.00,0.00,0.00,0.00,19.56,4.67,0.00,9.10,13.83,9.87,504.19,7.60,21.41,0.01,0.01,0.31,0.07,0.66,0.66,3.85,1.59,8.33,11.89,3.48
23.00,22.00,21.00,31.00,69.88,0.00,5.28,0.00,0.00,0.00,0.00,19.54,4.67,0.00,8.94,13.82,4.75,494.06,7.67,21.14,0.03,0.00,0.23,0.04,0.68,0.66,4.02,1.63,7.81,11.97,3.46
23.00,22.00,22.00,31.00,69.75,0.00,5.26,0.00,0.00,0.00,0.00,19.59,4.71,0.00,8.77,13.77,8.29,517.13,7.56,21.87,0.02,0.00,0.29,0.07,0.71,0.70,3.92,1.56,7.86,11.98,3.63
23.00,22.00,23.00,31.00,70.00,0.00,5.35,0.00,0.00,0.00,0.00,18.65,4.61,0.00,8.63,13.00,7.49,456.88,7.27,20.69,0.01,0.00,0.29,0.05,0.63,0.74,3.92,1.63,7.74,10.79,3.31
23.00,22.00,24.00,31.00,70.00,0.00,5.27,0.00,0.00,0.00,0.00,18.91,4.69,0.00,8.56,13.25,8.88,538.44,7.56,20.55,0.02,0.00,0.27,0.05,0.53,0.67,4.10,1.61,7.31,11.28,3.95
23.00,22.00,25.00,31.00,70.00,0.00,5.35,0.00,0.00,0.00,0.00,18.89,4.61,0.00,8.73,13.20,6.41,461.41,7.43,20.60,0.02,0.00,0.34,0.05,0.64,0.65,3.99,1.55,7.78,11.04,3.31
23.00,22.00,26.00,31.00,70.00,0.00,5.27,0.00,0.00,0.00,0.00,19.89,4.71,0.00,9.24,13.85,7.39,474.18,7.51,21.91,0.02,0.00,0.33,0.07,0.75,0.65,4.30,1.60,7.79,11.68,3.31
23.00,22.00,27.00,31.00,70.00,0.00,5.21,0.00,0.00,0.00,0.00,20.34,4.75,0.00,8.94,14.37,6.20,528.29,7.67,22.30,0.02,0.01,0.30,0.06,0.72,0.64,4.13,1.65,8.22,12.46,3.61
23.00,22.00,28.00,31.00,70.00,0.00,5.19,0.00,0.00,0.00,0.00,19.65,4.73,0.00,8.82,13.77,5.76,517.87,7.53,21.35,0.02,0.00,0.30,0.05,0.73,0.73,4.06,1.58,8.18,11.61,3.67
23.00,22.00,29.00,31.00,70.00,0.01,5.28,0.00,0.00,0.00,0.00,19.33,4.67,0.00,8.80,13.65,4.61,468.44,7.56,22.08,0.03,0.00,0.27,0.04,0.61,0.65,4.09,1.54,8.06,11.50,3.31
23.00,22.00,30.00,31.00,70.06,0.00,5.20,0.00,0.00,0.00,0.00,19.69,4.76,0.00,9.00,13.73,7.16,490.76,7.69,21.75,0.02,0.00,0.34,0.04,0.73,0.69,3.96,1.81,7.82,11.80,3.46
23.00,22.00,31.00,31.00,70.00,0.00,5.18,0.00,0.00,0.00,0.00,20.76,4.76,0.00,9.13,14.52,5.27,595.87,7.76,22.77,0.02,0.00,0.36,0.04,0.72,0.74,4.23,1.80,8.67,12.25,4.01
23.00,22.00,32.00,31.00,70.07,0.00,5.24,0.00,0.00,0.00,0.00,20.44,4.71,0.00,9.04,14.28,5.91,541.27,7.51,23.88,0.01,0.02,0.33,0.06,0.73,0.72,4.33,1.65,8.15,12.10,3.67
23.00,22.00,33.00,31.00,70.00,0.00,5.21,0.00,0.00,0.00,0.00,20.44,4.75,0.00,8.94,14.21,6.96,503.06,7.84,22.92,0.03,0.01,0.33,0.07,0.79,0.70,4.30,1.73,7.90,12.12,3.46
23.00,22.00,34.00,31.00,70.06,0.00,5.27,0.00,0.00,0.00,0.00,20.03,4.69,0.00,9.39,14.11,7.87,486.78,7.89,22.13,0.02,0.00,0.27,0.07,0.69,0.72,3.98,1.70,8.34,12.14,3.30
23.00,22.00,35.00,31.00,70.00,0.00,5.23,0.00,0.00,0.00,0.00,20.23,4.73,0.00,9.25,14.19,8.20,508.76,7.61,22.58,0.02,0.01,0.38,0.07,0.66,0.65,4.10,1.66,8.40,12.10,3.46
23.00,22.00,36.00,31.00,70.00,0.00,5.20,0.00,0.00,0.00,0.00,19.96,4.75,0.00,9.04,14.06,8.51,497.00,7.59,23.01,0.03,0.02,0.29,0.08,0.59,0.70,4.12,1.55,8.21,12.03,3.46
23.00,22.00,37.00,31.00,70.00,0.00,5.22,0.00,0.00,0.00,0.00,19.79,4.73,0.00,9.08,13.89,7.79,493.25,7.90,21.75,0.03,0.00,0.32,0.07,0.64,0.68,4.16,1.50,7.90,11.90,3.48
23.00,22.00,38.00,31.00,70.22,0.00,5.12,0.00,0.00,0.00,0.00,19.64,4.81,0.00,9.22,13.85,6.93,461.94,7.78,22.36,0.04,0.01,0.28,0.08,0.62,0.67,3.84,1.67,8.07,12.07,3.30
23.00,22.00,39.00,31.00,70.00,0.00,5.19,0.00,0.00,0.00,0.00,19.22,4.74,0.00,8.65,13.49,7.35,436.79,7.72,20.95,0.02,0.00,0.31,0.06,0.69,0.63,3.89,1.65,7.83,11.56,3.16
23.00,22.00,40.00,31.00,70.00,0.00,5.17,0.00,0.00,0.00,0.00,19.68,4.77,0.00,8.50,13.91,6.63,489.19,7.46,21.15,0.01,0.00,0.26,0.06,0.55,0.64,4.07,1.79,8.03,11.89,3.47
23.00,22.00,41.00,31.00,70.00,0.00,5.25,0.00,0.00,0.00,0.00,19.68,4.71,0.00,8.92,13.74,7.88,544.88,7.73,21.76,0.03,0.00,0.35,0.10,0.66,0.64,3.89,1.75,7.99,11.84,3.80
23.00,22.00,42.00,31.00,70.00,0.00,5.24,0.00,0.00,0.00,0.00,19.56,4.71,0.00,8.85,13.76,8.10,521.13,7.40,20.99,0.01,0.00,0.30,0.06,0.62,0.76,3.94,1.60,8.08,11.82,3.64
23.00,22.00,43.00,31.00,70.18,0.00,5.13,0.00,0.00,0.00,0.00,21.43,4.82,0.00,9.08,14.98,8.24,547.82,7.76,23.90,0.03,0.00,0.38,0.08,0.67,0.78,4.36,1.73,8.71,12.83,3.61
23.00,22.00,44.00,31.00,70.31,0.00,5.23,0.00,0.00,0.00,0.00,21.17,4.71,0.00,8.94,14.82,8.50,529.13,7.81,23.80,0.03,0.01,0.39,0.08,0.74,0.69,4.16,1.77,8.47,12.93,3.47
23.00,22.00,45.00,31.00,70.27,0.00,5.14,0.00,0.00,0.00,0.00,20.11,4.78,0.00,8.96,14.01,7.02,548.33,7.71,21.77,0.01,0.00,0.38,0.07,0.68,0.77,3.99,1.73,8.18,12.04,3.83
23.00,22.00,46.00,31.00,70.06,0.00,5.15,0.00,0.00,0.00,0.00,20.37,4.82,0.00,8.57,14.31,7.43,496.35,7.65,22.23,0.01,0.01,0.31,0.06,0.66,0.65,4.35,1.70,8.03,12.20,3.46
23.00,22.00,47.00,31.00,70.00,0.00,5.31,0.00,0.00,0.00,0.00,19.15,4.64,0.00,9.09,13.50,6.82,541.00,7.80,20.81,0.01,0.00,0.28,0.05,0.63,0.65,3.95,1.58,7.67,11.64,3.83
23.00,22.00,48.00,31.00,70.00,0.00,5.19,0.00,0.00,0.00,0.00,19.82,4.76,0.00,9.11,13.91,4.46,471.28,7.65,22.29,0.03,0.01,0.35,0.04,0.62,0.68,4.02,1.70,8.19,11.86,3.30
23.00,22.00,49.00,31.00,70.00,0.00,5.12,0.00,0.00,0.00,0.00,19.86,4.80,0.00,8.73,14.02,8.33,491.29,7.71,22.27,0.01,0.00,0.34,0.07,0.65,0.64,3.92,1.64,8.29,12.13,3.46
23.00,22.00,50.00,31.00,70.00,0.00,5.25,0.00,0.00,0.00,0.00,19.49,4.69,0.00,9.44,13.80,7.11,545.73,7.76,21.05,0.01,0.00,0.32,0.06,0.64,0.61,4.00,1.40,8.03,11.92,3.83
23.00,22.00,51.00,31.00,70.00,0.00,5.20,0.00,0.00,0.00,0.00,19.95,4.76,0.00,9.24,14.01,9.17,451.94,7.69,21.47,0.01,0.00,0.33,0.08,0.66,0.65,4.17,1.62,8.07,11.93,3.16
23.00,22.00,52.00,31.00,70.00,0.00,5.27,0.00,0.00,0.00,0.00,19.75,4.68,0.00,8.95,13.91,5.39,454.42,7.68,22.37,0.02,0.01,0.29,0.06,0.62,0.65,4.11,1.68,8.06,11.85,3.16
23.00,22.00,53.00,31.00,70.00,0.00,5.16,0.00,0.00,0.00,0.00,19.39,4.78,0.00,9.13,13.71,7.26,462.00,7.70,21.04,0.02,0.00,0.29,0.04,0.62,0.69,3.80,1.64,8.14,11.86,3.30
23.00,22.00,54.00,31.00,70.00,0.00,5.23,0.00,0.00,0.00,0.00,19.36,4.74,0.00,8.83,13.66,5.12,571.43,8.02,21.45,0.03,0.00,0.29,0.05,0.62,0.67,3.88,1.60,7.97,11.81,4.06
23.00,22.00,55.00,31.00,70.00,0.00,5.21,0.00,0.00,0.00,0.00,19.90,4.75,0.00,8.90,14.07,10.19,524.19,7.85,21.57,0.02,0.00,0.28,0.07,0.54,0.74,4.04,1.58,8.09,12.20,3.64
23.00,22.00,56.00,31.00,70.00,0.00,5.18,0.00,0.00,0.00,0.00,20.29,4.76,0.00,9.02,14.32,7.51,562.80,7.62,21.65,0.01,0.00,0.25,0.06,0.71,0.75,4.13,1.68,8.32,12.30,3.84
23.00,22.00,57.00,31.00,70.00,0.00,5.15,0.00,0.00,0.00,0.00,20.23,4.78,0.00,8.65,14.14,9.08,518.47,8.04,22.27,0.02,0.00,0.32,0.09,0.63,0.71,4.25,1.70,8.18,11.95,3.60
23.00,22.00,58.00,31.00,70.00,0.00,5.18,0.00,0.00,0.00,0.00,19.24,4.76,0.00,8.82,13.51,8.80,457.35,7.49,21.29,0.02,0.00,0.29,0.08,0.65,0.67,3.88,1.57,7.82,11.66,3.31
23.00,22.00,59.00,31.00,70.00,0.00,5.14,0.00,0.00,0.00,0.00,19.85,4.81,0.00,9.04,13.99,7.89,467.28,7.78,21.60,0.02,0.00,0.26,0.07,0.67,0.73,4.09,1.59,8.29,11.88,3.30
23.00,23.00,0.00,31.00,70.00,0.00,5.23,0.00,0.00,0.00,0.00,19.11,4.71,0.00,8.92,13.41,8.18,480.71,7.53,21.35,0.03,0.00,0.29,0.08,0.70,0.70,3.70,1.57,8.03,11.58,3.46
23.00,23.00,1.00,31.00,70.00,0.00,5.21,0.00,0.00,0.00,0.00,19.58,4.74,0.00,9.17,13.72,6.70,442.22,7.80,21.60,0.01,0.01,0.31,0.06,0.65,0.63,4.17,1.64,7.72,11.68,3.16
23.00,23.00,2.00,31.00,70.00,0.00,5.21,0.00,0.00,0.00,0.00,19.76,4.73,0.00,8.60,13.98,6.09,549.47,7.67,23.19,0.03,0.01,0.30,0.03,0.68,0.60,4.09,1.62,8.45,11.77,3.84
23.00,23.00,3.00,31.00,70.00,0.00,5.37,0.00,0.00,0.00,0.00,18.72,4.59,0.00,8.87,13.23,7.13,460.83,7.56,20.85,0.02,0.00,0.28,0.06,0.63,0.60,3.77,1.53,7.74,11.41,3.30
23.00,23.00,4.00,31.00,70.00,0.00,5.19,0.00,0.00,0.00,0.00,18.94,4.76,0.00,9.25,13.37,6.59,472.53,7.65,20.88,0.01,0.01,0.28,0.05,0.66,0.63,3.89,1.49,7.68,11.52,3.46
23.00,23.00,5.00,31.00,70.00,0.00,5.14,0.00,0.00,0.00,0.00,20.33,4.80,0.00,9.22,14.25,9.16,552.00,7.89,22.64,0.03,0.01,0.30,0.08,0.62,0.74,4.15,1.73,8.21,12.23,3.83
23.00,23.00,6.00,31.00,70.00,0.00,5.35,0.00,0.00,0.00,0.00,18.79,4.61,0.00,9.16,13.31,5.80,479.82,7.59,19.78,0.00,0.00,0.27,0.04,0.62,0.65,3.86,1.51,7.62,11.51,3.46
23.00,23.00,7.00,31.00,70.00,0.01,5.15,0.00,0.00,0.00,0.00,19.94,4.79,0.00,8.81,14.04,9.95,453.37,7.79,22.55,0.02,0.00,0.32,0.07,0.74,0.70,3.85,1.63,8.35,12.18,3.16
23.00,23.00,8.00,31.00,70.00,0.00,5.21,0.00,0.00,0.00,0.00,19.27,4.76,0.00,8.80,13.69,7.69,465.12,7.69,21.19,0.02,0.00,0.30,0.06,0.65,0.64,3.83,1.45,8.36,11.74,3.31
23.00,23.00,9.00,31.00,70.00,0.00,5.12,0.00,0.00,0.00,0.00,19.25,4.79,0.00,9.04,13.68,6.69,499.56,7.65,20.47,0.01,0.00,0.24,0.05,0.61,0.60,4.00,1.62,8.01,11.68,3.64
23.00,23.00,10.00,31.00,70.00,0.00,5.14,0.00,0.00,0.00,0.00,19.54,4.81,0.00,8.73,13.79,8.75,529.31,7.63,21.56,0.03,0.00,0.27,0.06,0.65,0.65,3.99,1.63,8.24,11.71,3.79
23.00,23.00,11.00,31.00,70.00,0.00,5.29,0.00,0.00,0.00,0.00,19.28,4.67,0.00,8.94,13.59,6.73,514.69,7.87,21.01,0.02,0.00,0.36,0.05,0.59,0.65,3.82,1.53,8.11,11.71,3.64
23.00,23.00,12.00,31.00,70.00,0.00,5.19,0.00,0.00,0.00,0.00,19.50,4.76,0.00,9.00,13.67,6.48,443.06,7.81,20.94,0.01,0.00,0.30,0.07,0.69,0.70,4.04,1.61,7.99,11.58,3.16
23.00,23.00,13.00,31.00,70.00,0.00,5.16,0.00,0.00,0.00,0.00,19.94,4.79,0.00,8.86,14.12,5.88,601.07,7.62,21.08,0.01,0.00,0.27,0.03,0.65,0.65,4.16,1.66,7.92,12.21,4.24
23.00,23.00,14.00,31.00,70.00,0.00,5.15,0.00,0.00,0.00,0.00,19.56,4.80,0.00,9.09,13.88,6.70,444.61,7.65,21.37,0.02,0.00,0.26,0.05,0.63,0.62,3.94,1.65,8.30,11.86,3.16
23.00,23.00,15.00,31.00,70.00,0.00,5.15,0.00,0.00,0.00,0.00,19.14,4.77,0.00,8.77,13.53,6.21,521.69,7.81,20.61,0.01,0.00,0.29,0.06,0.59,0.68,3.77,1.65,7.97,11.71,3.79
23.00,23.00,16.00,31.00,70.00,0.00,5.17,0.00,0.00,0.00,0.00,19.27,4.80,0.00,9.80,13.70,6.73,532.47,7.87,20.67,0.01,0.00,0.27,0.04,0.57,0.68,3.86,1.55,8.20,11.78,3.84
23.00,23.00,17.00,31.00,70.00,0.00,5.24,0.00,0.00,0.00,0.00,19.34,4.69,0.00,8.62,13.73,5.67,569.71,7.62,21.19,0.02,0.01,0.27,0.05,0.59,0.60,4.05,1.50,7.90,11.80,4.06
23.00,23.00,18.00,31.00,70.00,0.00,5.29,0.00,0.00,0.00,0.00,19.09,4.67,0.00,8.94,13.61,8.60,509.44,7.60,20.73,0.01,0.00,0.23,0.08,0.48,0.56,4.02,1.51,7.65,11.83,3.64
23.00,23.00,19.00,31.00,70.41,0.00,5.21,0.00,0.00,0.00,0.00,19.25,4.75,0.00,9.27,13.72,7.04,527.94,7.49,20.75,0.01,0.00,0.26,0.07,0.62,0.56,3.81,1.65,8.32,11.77,3.76
23.00,23.00,20.00,31.00,70.00,0.00,5.19,0.00,0.00,0.00,0.00,19.40,4.76,0.00,8.93,13.78,6.43,547.43,7.83,20.83,0.02,0.00,0.26,0.05,0.61,0.62,3.98,1.58,8.10,11.83,3.88
23.00,23.00,21.00,31.00,70.00,0.00,5.03,0.00,0.00,0.00,0.00,19.41,4.92,0.00,9.17,13.74,7.21,520.56,7.71,21.62,0.02,0.00,0.27,0.06,0.61,0.61,3.95,1.68,8.32,11.63,3.80
23.00,23.00,22.00,31.00,70.00,0.00,5.33,0.00,0.00,0.00,0.00,18.76,4.62,0.00,8.93,13.24,8.13,509.40,7.71,20.66,0.02,0.00,0.27,0.06,0.64,0.62,3.82,1.57,7.73,11.35,3.67
23.00,23.00,23.00,31.00,70.29,0.00,5.19,0.00,0.00,0.00,0.00,18.95,4.75,0.00,8.71,13.35,9.71,474.47,7.61,21.06,0.03,0.00,0.29,0.07,0.61,0.66,3.83,1.53,8.09,11.31,3.46
23.00,23.00,24.00,31.00,70.56,0.00,5.22,0.00,0.00,0.00,0.00,18.65,4.74,0.00,9.11,13.39,5.07,452.11,7.61,20.05,0.01,0.00,0.23,0.04,0.59,0.56,3.64,1.52,7.97,11.70,3.30
23.00,23.00,25.00,31.00,70.00,0.00,5.13,0.00,0.00,0.00,0.00,19.17,4.80,0.00,9.12,13.63,6.88,475.00,7.59,21.54,0.02,0.01,0.29,0.05,0.61,0.55,3.84,1.60,8.01,11.79,3.45
23.00,23.00,26.00,31.00,70.00,0.00,5.20,0.00,0.00,0.00,0.00,19.13,4.75,0.00,8.88,13.62,5.29,478.65,7.71,20.61,0.01,0.01,0.25,0.05,0.64,0.55,3.97,1.53,7.83,11.74,3.45
23.00,23.00,27.00,31.00,70.83,0.00,5.12,0.00,0.00,0.00,0.00,19.64,4.81,0.00,8.98,13.97,8.33,481.83,7.69,21.34,0.01,0.00,0.23,0.08,0.60,0.59,4.05,1.63,8.10,12.02,3.44
23.00,23.00,28.00,31.00,71.00,0.00,5.26,0.00,0.00,0.00,0.00,19.17,4.69,0.00,9.16,13.52,8.27,444.59,7.75,20.82,0.01,0.00,0.29,0.06,0.57,0.74,3.92,1.49,8.23,11.42,3.16
23.00,23.00,29.00,31.00,70.61,0.00,5.26,0.00,0.00,0.00,0.00,19.23,4.70,0.00,8.89,13.55,6.91,462.39,7.65,21.65,0.02,0.02,0.27,0.06,0.62,0.63,3.98,1.62,7.87,11.56,3.30
23.00,23.00,30.00,31.00,70.00,0.00,5.23,0.00,0.00,0.00,0.00,18.96,4.71,0.00,8.92,13.47,7.15,478.75,7.79,21.46,0.02,0.02,0.29,0.04,0.46,0.62,3.93,1.48,7.89,11.58,3.48
23.00,23.00,31.00,31.00,70.76,0.00,5.26,0.00,0.00,0.00,0.00,18.98,4.71,0.00,8.71,13.38,6.51,500.82,7.78,21.45,0.01,0.01,0.33,0.05,0.69,0.57,3.74,1.57,7.72,11.67,3.61
23.00,23.00,32.00,31.00,71.00,0.01,5.16,0.00,0.00,0.00,0.00,19.99,4.78,0.00,9.24,13.95,8.56,545.80,7.49,22.78,0.02,0.00,0.39,0.08,0.72,0.64,3.94,1.71,8.16,12.02,3.84
23.00,23.00,33.00,31.00,71.00,0.01,5.28,0.00,0.00,0.00,0.00,19.26,4.67,0.00,9.16,13.53,9.12,511.47,7.65,22.97,0.03,0.02,0.22,0.07,0.66,0.71,3.86,1.73,7.97,11.56,3.61
23.00,23.00,34.00,31.00,71.00,0.00,5.23,0.00,0.00,0.00,0.00,18.58,4.73,0.00,9.00,13.21,7.13,473.69,7.71,19.90,0.01,0.00,0.26,0.06,0.59,0.60,3.66,1.61,8.01,11.34,3.48
23.00,23.00,35.00,31.00,70.94,0.00,5.17,0.00,0.00,0.00,0.00,19.00,4.76,0.00,9.39,13.27,5.86,473.76,7.51,21.14,0.03,0.00,0.30,0.07,0.74,0.69,3.86,1.58,8.00,11.15,3.46
23.00,23.00,36.00,31.00,71.00,0.00,5.28,0.00,0.00,0.00,0.00,18.80,4.69,0.00,9.27,13.29,5.46,482.63,7.65,20.98,0.02,0.01,0.26,0.05,0.69,0.66,3.77,1.50,8.14,11.27,3.47
23.00,23.00,37.00,31.00,71.00,0.00,5.22,0.00,0.00,0.00,0.00,18.86,4.73,0.00,9.04,13.33,6.18,493.82,7.76,20.20,0.01,0.00,0.28,0.05,0.67,0.62,3.84,1.58,7.90,11.36,3.60
23.00,23.00,38.00,31.00,70.87,0.00,5.11,0.00,0.00,0.00,0.00,19.45,4.82,0.00,8.80,13.82,6.87,530.40,7.64,21.39,0.01,0.01,0.29,0.05,0.58,0.61,3.86,1.62,8.03,12.07,3.84
23.00,23.00,39.00,31.00,70.76,0.00,5.25,0.00,0.00,0.00,0.00,19.35,4.71,0.00,9.25,13.61,7.45,466.71,7.61,21.85,0.03,0.00,0.32,0.06,0.62,0.66,3.88,1.59,8.13,11.63,3.31
23.00,23.00,40.00,31.00,71.00,0.00,5.23,0.00,0.00,0.00,0.00,19.46,4.71,0.00,8.59,13.70,7.33,484.59,7.39,21.77,0.02,0.00,0.30,0.07,0.65,0.62,4.09,1.51,7.80,11.74,3.46
23.00,23.00,41.00,31.00,71.00,0.00,5.27,0.00,0.00,0.00,0.00,19.43,4.70,0.00,9.22,13.60,6.83,466.44,7.65,23.08,0.04,0.01,0.32,0.07,0.63,0.66,4.00,1.57,7.92,11.60,3.30
23.00,23.00,42.00,31.00,71.00,0.00,5.29,0.00,0.00,0.00,0.00,18.81,4.65,0.00,8.75,13.32,8.02,478.24,7.88,20.59,0.01,0.01,0.27,0.05,0.55,0.67,3.71,1.58,7.60,11.69,3.46
23.00,23.00,43.00,31.00,71.00,0.00,5.21,0.00,0.00,0.00,0.00,18.81,4.75,0.00,9.44,13.35,4.33,518.81,7.65,20.42,0.01,0.00,0.29,0.04,0.64,0.66,3.69,1.44,7.73,11.74,3.80
23.00,23.00,44.00,31.00,71.00,0.00,5.25,0.00,0.00,0.00,0.00,18.79,4.69,0.00,8.73,13.20,6.06,474.50,7.60,20.33,0.02,0.00,0.32,0.05,0.61,0.61,3.88,1.63,7.66,11.23,3.48
23.00,23.00,45.00,31.00,71.00,0.00,5.28,0.00,0.00,0.00,0.00,18.52,4.69,0.00,8.91,13.07,9.24,521.80,7.80,20.94,0.02,0.01,0.29,0.08,0.63,0.55,3.70,1.51,7.57,11.36,3.84
23.00,23.00,46.00,31.00,71.00,0.00,5.21,0.00,0.00,0.00,0.00,19.06,4.73,0.00,8.87,13.48,6.96,546.75,7.83,20.89,0.03,0.00,0.26,0.05,0.63,0.61,3.91,1.61,7.93,11.50,3.95
23.00,23.00,47.00,31.00,71.00,0.00,5.21,0.00,0.00,0.00,0.00,18.99,4.75,0.00,8.85,13.28,6.56,453.19,7.40,20.88,0.02,0.01,0.30,0.06,0.66,0.67,3.97,1.60,7.73,11.22,3.32
23.00,23.00,48.00,31.00,71.00,0.00,5.27,0.00,0.00,0.00,0.00,18.42,4.67,0.00,8.98,13.07,6.63,463.94,7.52,20.47,0.02,0.01,0.23,0.05,0.60,0.58,3.73,1.55,7.53,11.33,3.44
23.00,23.00,49.00,31.00,71.00,0.00,5.37,0.00,0.00,0.00,0.00,18.72,4.59,0.00,8.96,13.18,7.09,438.67,7.37,21.47,0.02,0.00,0.28,0.05,0.60,0.62,3.87,1.60,7.44,11.36,3.16
23.00,23.00,50.00,31.00,71.00,0.00,5.35,0.00,0.00,0.00,0.00,18.71,4.61,0.00,8.48,13.15,8.61,437.78,7.65,20.64,0.03,0.00,0.30,0.08,0.54,0.65,3.77,1.55,7.71,11.31,3.16
23.00,23.00,51.00,31.00,71.00,0.00,5.27,0.00,0.00,0.00,0.00,18.66,4.69,0.00,8.98,13.20,5.94,433.22,7.52,21.55,0.01,0.01,0.28,0.05,0.57,0.65,3.70,1.61,7.77,11.41,3.16
23.00,23.00,52.00,31.00,71.00,0.00,5.30,0.00,0.00,0.00,0.00,18.58,4.67,0.00,8.46,13.23,4.88,432.00,7.77,20.00,0.01,0.00,0.24,0.04,0.57,0.57,3.78,1.53,7.48,11.56,3.16
23.00,23.00,53.00,31.00,71.00,0.00,5.34,0.00,0.00,0.00,0.00,18.61,4.63,0.00,9.00,13.10,7.78,476.65,7.61,20.52,0.02,0.01,0.25,0.07,0.58,0.73,3.69,1.52,7.49,11.46,3.46
23.00,23.00,54.00,31.00,71.00,0.00,5.21,0.00,0.00,0.00,0.00,19.04,4.73,0.00,8.76,13.32,6.10,453.82,7.67,21.04,0.02,0.00,0.30,0.07,0.58,0.72,3.90,1.57,7.70,11.39,3.31
23.00,23.00,55.00,31.00,71.00,0.00,5.22,0.00,0.00,0.00,0.00,18.83,4.76,0.00,8.71,13.24,7.95,582.43,7.57,20.36,0.00,0.00,0.32,0.06,0.64,0.62,3.78,1.66,8.08,11.16,4.25
23.00,23.00,56.00,31.00,71.00,0.00,5.27,0.00,0.00,0.00,0.00,18.55,4.67,0.00,8.88,13.01,8.65,490.47,7.57,20.20,0.02,0.00,0.29,0.07,0.62,0.65,3.74,1.61,7.70,11.09,3.61
23.00,23.00,57.00,31.00,71.00,0.00,5.23,0.00,0.00,0.00,0.00,18.77,4.73,0.00,9.47,13.34,8.22,453.41,7.57,20.94,0.01,0.00,0.29,0.08,0.66,0.55,3.70,1.39,7.98,11.58,3.31
23.00,23.00,58.00,31.00,71.00,0.00,5.29,0.00,0.00,0.00,0.00,18.46,4.67,0.00,8.61,13.02,8.73,469.18,7.27,21.37,0.04,0.00,0.30,0.06,0.56,0.64,3.66,1.47,7.68,11.27,3.46
23.00,23.00,59.00,31.00,71.00,0.00,5.45,0.00,0.00,0.00,0.00,18.05,4.52,0.00,8.79,12.73,6.27,495.00,7.52,19.18,0.01,0.00,0.25,0.05,0.65,0.61,3.74,1.49,7.30,10.90,3.63
24.00,0.00,0.00,31.00,71.00,0.00,5.33,0.00,0.00,0.00,0.00,18.81,4.63,0.00,8.76,13.24,9.39,477.71,7.33,20.99,0.01,0.01,0.29,0.08,0.61,0.66,3.86,1.46,7.58,11.43,3.46
24.00,0.00,1.00,31.00,71.00,0.00,5.27,0.00,0.00,0.00,0.00,18.47,4.69,0.00,8.98,13.10,6.46,492.38,7.73,21.04,0.03,0.01,0.24,0.04,0.56,0.60,3.81,1.52,7.58,11.27,3.63
24.00,0.00,2.00,31.00,71.00,0.00,5.24,0.00,0.00,0.00,0.00,19.07,4.71,0.00,9.10,13.31,8.33,498.56,7.46,21.10,0.02,0.00,0.31,0.08,0.54,0.72,3.93,1.64,7.53,11.44,3.63
24.00,0.00,3.00,31.00,71.00,0.00,5.22,0.00,0.00,0.00,0.00,18.57,4.72,0.00,8.76,13.10,8.11,442.50,8.04,20.10,0.01,0.00,0.24,0.06,0.65,0.59,4.00,1.50,7.72,10.94,3.30
24.00,0.00,4.00,31.00,71.00,0.00,5.14,0.00,0.00,0.00,0.00,18.94,4.81,0.00,9.46,13.37,7.79,495.19,7.63,20.88,0.02,0.00,0.35,0.06,0.60,0.63,3.72,1.49,7.98,11.56,3.63
24.00,0.00,5.00,31.00,71.00,0.00,5.39,0.00,0.00,0.00,0.00,18.27,4.56,0.00,8.17,12.90,6.92,473.25,7.60,20.56,0.02,0.01,0.27,0.05,0.58,0.59,3.81,1.47,7.56,10.97,3.48
24.00,0.00,6.00,31.00,71.00,0.00,5.21,0.00,0.00,0.00,0.00,18.62,4.75,0.00,9.04,13.20,6.96,469.24,7.71,20.37,0.01,0.01,0.25,0.07,0.62,0.59,3.71,1.65,8.04,11.21,3.45
24.00,0.00,7.00,31.00,71.00,0.00,5.21,0.00,0.00,0.00,0.00,18.78,4.74,0.00,8.56,13.29,7.98,450.06,7.46,20.99,0.01,0.01,0.29,0.08,0.63,0.55,3.76,1.54,7.82,11.46,3.30
24.00,0.00,8.00,31.00,71.00,0.00,5.14,0.00,0.00,0.00,0.00,18.97,4.81,0.00,9.06,13.40,4.92,494.38,7.67,21.26,0.02,0.01,0.30,0.05,0.53,0.75,3.70,1.47,7.97,11.66,3.63
24.00,0.00,9.00,31.00,71.00,0.00,5.33,0.00,0.00,0.00,0.00,17.97,4.60,0.00,9.18,12.70,6.67,511.53,7.42,19.64,0.03,0.00,0.26,0.05,0.66,0.64,3.60,1.35,7.51,10.96,3.83
24.00,0.00,10.00,31.00,71.00,0.00,5.35,0.00,0.00,0.00,0.00,18.31,4.61,0.00,8.71,12.90,8.49,470.65,7.53,20.06,0.01,0.01,0.28,0.07,0.65,0.63,3.61,1.51,7.38,11.29,3.46
24.00,0.00,11.00,31.00,71.00,0.00,5.52,0.00,0.00,0.00,0.00,17.72,4.48,0.00,8.75,12.51,8.08,492.94,7.79,19.76,0.01,0.01,0.27,0.07,0.64,0.54,3.62,1.41,7.37,10.70,3.63
24.00,0.00,12.00,31.00,71.00,0.00,5.35,0.00,0.00,0.00,0.00,18.30,4.60,0.00,8.94,13.02,5.48,501.13,7.42,20.06,0.00,0.00,0.27,0.04,0.52,0.63,3.57,1.64,7.96,11.17,3.64
24.00,0.00,13.00,31.00,71.00,0.00,5.29,0.00,0.00,0.00,0.00,18.34,4.67,0.00,8.46,12.98,7.41,444.94,7.69,20.74,0.02,0.00,0.23,0.06,0.60,0.62,3.71,1.56,7.60,11.16,3.30
24.00,0.00,14.00,31.00,71.00,0.00,5.22,0.00,0.00,0.00,0.00,18.72,4.75,0.00,8.79,13.23,4.98,510.88,7.69,20.58,0.02,0.00,0.27,0.04,0.64,0.69,3.88,1.37,7.65,11.39,3.80
24.00,0.00,15.00,31.00,71.00,0.00,5.40,0.00,0.00,0.00,0.00,17.70,4.56,0.00,8.82,12.42,8.07,485.47,7.29,19.71,0.03,0.00,0.23,0.07,0.60,0.60,3.68,1.50,7.06,10.64,3.67
24.00,0.00,16.00,31.00,71.00,0.00,5.31,0.00,0.00,0.00,0.00,17.79,4.67,0.00,8.86,12.58,6.06,474.00,7.67,19.51,0.01,0.01,0.29,0.04,0.53,0.64,3.63,1.33,7.52,10.76,3.60
24.00,0.00,17.00,31.00,71.00,0.00,5.28,0.00,0.00,0.00,0.00,18.53,4.67,0.00,8.76,13.00,8.70,430.00,7.70,20.51,0.01,0.01,0.33,0.08,0.65,0.61,3.71,1.50,7.78,11.10,3.16
24.00,0.00,18.00,31.00,71.00,0.00,5.45,0.00,0.00,0.00,0.00,17.70,4.54,0.00,8.92,12.56,7.19,486.88,7.52,19.14,0.01,0.00,0.25,0.05,0.58,0.59,3.57,1.39,7.35,10.87,3.64
24.00,0.00,19.00,31.00,71.00,0.00,5.36,0.00,0.00,0.00,0.00,17.66,4.58,0.00,8.42,12.48,8.37,478.50,7.56,19.81,0.03,0.01,0.24,0.06,0.56,0.61,3.55,1.43,7.18,10.85,3.64
24.00,0.00,20.00,31.00,71.00,0.00,5.40,0.00,0.00,0.00,0.00,18.21,4.57,0.00,8.85,12.87,5.43,448.56,7.28,20.39,0.02,0.00,0.25,0.06,0.62,0.59,3.72,1.45,7.24,11.21,3.30
24.00,0.00,21.00,31.00,71.00,0.00,5.27,0.00,0.00,0.00,0.00,18.03,4.69,0.00,9.16,12.78,6.73,441.94,7.39,19.77,0.03,0.00,0.23,0.06,0.58,0.61,3.57,1.52,7.89,10.87,3.31
24.00,0.00,22.00,31.00,71.00,0.00,5.35,0.00,0.00,0.00,0.00,18.26,4.61,0.00,8.86,12.96,7.88,470.47,7.82,19.99,0.03,0.00,0.24,0.06,0.58,0.63,3.66,1.38,7.67,11.22,3.46
24.00,0.00,23.00,31.00,71.00,0.00,5.37,0.00,0.00,0.00,0.00,18.04,4.60,0.00,9.00,12.84,7.56,490.38,7.77,19.69,0.01,0.01,0.26,0.06,0.59,0.56,3.53,1.46,7.64,11.18,3.63
24.00,0.00,24.00,31.00,71.00,0.00,5.40,0.00,0.00,0.00,0.00,17.97,4.56,0.00,8.58,12.63,6.04,426.11,7.56,19.85,0.02,0.00,0.30,0.06,0.64,0.60,3.60,1.50,7.34,10.88,3.16
24.00,0.00,25.00,31.00,71.00,0.00,5.47,0.00,0.00,0.00,0.00,17.34,4.50,0.00,8.65,12.22,6.46,457.25,7.65,18.96,0.02,0.00,0.26,0.06,0.60,0.62,3.49,1.34,7.03,10.62,3.48
24.00,0.00,26.00,31.00,71.00,0.00,5.43,0.00,0.00,0.00,0.00,17.06,4.56,0.00,8.69,12.15,5.12,473.38,7.62,19.91,0.01,0.01,0.20,0.04,0.62,0.51,3.35,1.46,7.05,10.63,3.64
24.00,0.00,27.00,31.00,71.00,0.00,5.34,0.00,0.00,0.00,0.00,18.19,4.63,0.00,9.14,12.97,9.25,470.35,7.69,19.65,0.01,0.00,0.22,0.06,0.59,0.55,3.67,1.52,7.79,11.10,3.46
24.00,0.00,28.00,31.00,71.00,0.01,5.26,0.00,0.00,0.00,0.00,18.24,4.71,0.00,9.16,12.90,8.06,463.24,7.84,20.79,0.03,0.00,0.26,0.08,0.61,0.54,3.71,1.52,7.69,10.99,3.46
24.00,0.00,29.00,31.00,71.00,0.00,5.30,0.00,0.00,0.00,0.00,17.68,4.63,0.00,8.63,12.54,7.59,451.88,7.59,20.14,0.02,0.01,0.27,0.05,0.57,0.57,3.51,1.40,7.55,10.78,3.46
24.00,0.00,30.00,31.00,71.00,0.00,5.37,0.00,0.00,0.00,0.00,18.16,4.61,0.00,8.96,12.81,8.04,464.47,7.51,19.56,0.00,0.00,0.26,0.07,0.60,0.64,3.70,1.44,7.18,11.18,3.46
24.00,0.00,31.00,31.00,71.00,0.00,5.26,0.00,0.00,0.00,0.00,18.25,4.71,0.00,8.82,12.91,8.04,516.53,7.82,19.78,0.01,0.00,0.24,0.07,0.63,0.61,3.64,1.55,7.63,11.10,3.83
24.00,0.00,32.00,31.00,71.00,0.00,5.34,0.00,0.00,0.00,0.00,17.86,4.61,0.00,8.70,12.56,8.52,435.22,7.63,20.05,0.01,0.01,0.28,0.06,0.47,0.69,3.59,1.47,7.29,10.85,3.30
24.00,0.00,33.00,31.00,71.00,0.00,5.42,0.00,0.00,0.00,0.00,17.85,4.56,0.00,8.84,12.60,8.02,516.80,7.49,19.97,0.01,0.01,0.29,0.05,0.53,0.60,3.72,1.34,7.34,10.78,3.84
24.00,0.00,34.00,31.00,71.00,0.00,5.38,0.00,0.00,0.00,0.00,17.55,4.58,0.00,8.80,12.48,4.09,508.47,7.73,19.68,0.03,0.01,0.24,0.03,0.57,0.57,3.51,1.41,7.50,10.72,3.84
24.00,0.00,35.00,31.00,71.00,0.00,5.22,0.00,0.00,0.00,0.00,18.44,4.74,0.00,9.28,13.02,6.88,423.16,7.65,20.38,0.02,0.01,0.33,0.06,0.59,0.64,3.62,1.38,7.72,11.33,3.16
24.00,0.00,36.00,31.00,71.00,0.00,5.34,0.00,0.00,0.00,0.00,17.56,4.61,0.00,8.93,12.43,8.59,431.28,7.19,20.32,0.02,0.01,0.28,0.06,0.50,0.60,3.54,1.31,7.35,10.74,3.31
24.00,0.00,37.00,31.00,71.00,0.00,5.32,0.00,0.00,0.00,0.00,17.84,4.65,0.00,8.90,12.60,7.24,436.65,7.49,19.46,0.02,0.00,0.30,0.05,0.49,0.57,3.60,1.51,7.57,10.74,3.31
24.00,0.00,38.00,31.00,71.00,0.00,5.22,0.00,0.00,0.00,0.00,18.24,4.73,0.00,9.27,12.95,6.62,509.07,7.58,21.63,0.03,0.00,0.24,0.06,0.59,0.60,3.57,1.49,7.74,11.23,3.83
24.00,0.00,39.00,31.00,71.00,0.00,5.36,0.00,0.00,0.00,0.00,17.92,4.59,0.00,9.07,12.59,8.83,438.00,7.93,20.01,0.02,0.01,0.27,0.07,0.53,0.64,3.69,1.46,7.31,10.77,3.30
24.00,0.00,40.00,31.00,71.00,0.00,5.23,0.00,0.00,0.00,0.00,18.40,4.73,0.00,9.10,13.06,6.00,466.47,7.61,20.18,0.03,0.00,0.26,0.04,0.69,0.58,3.50,1.58,7.71,11.46,3.46
24.00,0.00,41.00,31.00,71.00,0.00,5.21,0.00,0.00,0.00,0.00,18.51,4.75,0.00,8.71,13.20,6.48,493.13,7.60,20.19,0.02,0.00,0.29,0.05,0.54,0.62,3.62,1.43,8.12,11.37,3.64
24.00,0.00,42.00,31.00,71.00,0.00,5.19,0.00,0.00,0.00,0.00,18.64,4.74,0.00,8.80,13.26,5.94,426.61,7.69,20.81,0.03,0.00,0.26,0.04,0.63,0.63,3.64,1.42,7.72,11.66,3.16
24.00,0.00,43.00,31.00,71.00,0.00,5.23,0.00,0.00,0.00,0.00,18.47,4.72,0.00,8.91,13.11,8.07,462.78,7.72,20.63,0.01,0.01,0.27,0.05,0.64,0.61,3.58,1.50,7.74,11.46,3.44
24.00,0.00,44.00,31.00,71.00,0.00,5.48,0.00,0.00,0.00,0.00,17.34,4.49,0.00,8.78,12.32,7.51,510.67,7.29,19.83,0.02,0.00,0.27,0.04,0.50,0.58,3.41,1.39,7.05,10.86,3.84
24.00,0.00,45.00,31.00,71.00,0.00,5.30,0.00,0.00,0.00,0.00,18.44,4.67,0.00,8.54,12.96,7.90,471.06,7.52,20.27,0.02,0.00,0.26,0.07,0.58,0.68,3.79,1.51,7.59,11.05,3.48
24.00,0.00,46.00,31.00,71.00,0.00,5.35,0.00,0.00,0.00,0.00,17.97,4.61,0.00,9.11,12.79,6.23,426.84,7.65,19.43,0.02,0.00,0.28,0.03,0.52,0.63,3.46,1.45,7.76,11.11,3.16
24.00,0.00,47.00,31.00,71.00,0.00,5.25,0.00,0.00,0.00,0.00,17.95,4.71,0.00,8.90,12.81,7.04,477.82,7.71,19.45,0.02,0.00,0.27,0.04,0.56,0.57,3.51,1.40,7.79,11.09,3.60
24.00,0.00,48.00,31.00,71.00,0.00,5.44,0.00,0.00,0.00,0.00,17.71,4.52,0.00,9.02,12.50,7.93,568.21,7.48,19.70,0.01,0.01,0.25,0.07,0.62,0.63,3.45,1.49,7.29,10.91,4.25
24.00,0.00,49.00,31.00,71.00,0.00,5.32,0.00,0.00,0.00,0.00,17.93,4.65,0.00,8.86,12.74,3.20,419.71,7.37,19.52,0.03,0.00,0.22,0.02,0.60,0.62,3.73,1.37,7.54,10.85,3.16
24.00,0.00,50.00,31.00,71.00,0.00,5.49,0.00,0.00,0.00,0.00,17.10,4.48,0.00,8.35,11.97,7.56,430.28,7.56,20.34,0.02,0.01,0.31,0.06,0.57,0.63,3.30,1.44,6.96,10.43,3.30
24.00,0.00,51.00,31.00,71.00,0.00,5.35,0.00,0.00,0.00,0.00,18.16,4.63,0.00,9.27,12.79,7.10,446.29,7.65,19.85,0.01,0.01,0.30,0.04,0.63,0.64,3.63,1.47,7.29,11.16,3.31
24.00,0.00,52.00,31.00,71.00,0.00,5.22,0.00,0.00,0.00,0.00,17.80,4.73,0.00,9.07,12.64,7.93,524.93,7.60,19.60,0.02,0.00,0.27,0.07,0.60,0.50,3.52,1.45,7.49,10.96,4.01
24.00,0.00,53.00,31.00,71.00,0.00,5.37,0.00,0.00,0.00,0.00,17.99,4.59,0.00,8.85,12.75,7.91,445.61,7.65,19.93,0.02,0.01,0.31,0.05,0.60,0.61,3.50,1.35,7.59,11.13,3.30
24.00,0.00,54.00,31.00,71.00,0.00,5.34,0.00,0.00,0.00,0.00,18.11,4.61,0.00,9.17,12.87,6.30,425.44,7.57,20.03,0.02,0.01,0.22,0.08,0.57,0.58,3.69,1.40,7.55,11.12,3.16
24.00,0.00,55.00,31.00,71.00,0.00,5.54,0.00,0.00,0.00,0.00,17.30,4.47,0.00,8.51,12.24,7.84,458.71,7.41,19.66,0.02,0.01,0.26,0.06,0.56,0.54,3.49,1.34,6.93,10.73,3.46
24.00,0.00,56.00,31.00,71.00,0.01,5.26,0.00,0.00,0.00,0.00,18.20,4.69,0.00,9.04,12.94,9.78,511.33,7.49,20.79,0.01,0.01,0.24,0.08,0.54,0.55,3.66,1.46,7.53,11.26,3.83
24.00,0.00,57.00,31.00,71.00,0.00,5.40,0.00,0.00,0.00,0.00,17.69,4.57,0.00,8.69,12.48,6.02,458.71,7.41,19.60,0.02,0.01,0.28,0.05,0.55,0.53,3.63,1.53,7.33,10.64,3.46
24.00,0.00,58.00,31.00,71.00,0.00,5.36,0.00,0.00,0.00,0.00,17.87,4.61,0.00,8.57,12.61,6.19,433.50,7.37,19.82,0.02,0.01,0.25,0.05,0.51,0.63,3.80,1.34,7.01,10.90,3.30
24.00,0.00,59.00,31.00,71.00,0.00,5.44,0.00,0.00,0.00,0.00,17.46,4.52,0.00,8.67,12.39,5.54,462.81,7.69,19.28,0.04,0.00,0.22,0.05,0.62,0.56,3.45,1.41,7.30,10.75,3.49
24.00,1.00,0.00,31.00,71.00,0.00,5.42,0.00,0.00,0.00,0.00,17.75,4.56,0.00,8.73,12.56,6.89,536.60,7.24,19.11,0.01,0.00,0.27,0.06,0.51,0.55,3.68,1.46,7.14,10.85,4.00
24.00,1.00,1.00,31.00,71.00,0.00,5.36,0.00,0.00,0.00,0.00,18.02,4.61,0.00,8.85,12.83,5.96,442.83,7.35,19.74,0.03,0.00,0.22,0.05,0.57,0.55,3.66,1.41,7.20,11.29,3.31
24.00,1.00,2.00,31.00,71.00,0.00,5.28,0.00,0.00,0.00,0.00,17.91,4.69,0.00,9.02,12.77,6.77,459.19,7.52,19.86,0.02,0.00,0.26,0.05,0.56,0.57,3.56,1.36,7.36,11.23,3.48
24.00,1.00,3.00,31.00,71.00,0.00,5.30,0.00,0.00,0.00,0.00,18.23,4.65,0.00,8.56,12.84,8.27,501.25,7.65,20.47,0.03,0.01,0.33,0.08,0.53,0.59,3.70,1.34,7.40,11.15,3.79
24.00,1.00,4.00,31.00,71.00,0.00,5.34,0.00,0.00,0.00,0.00,17.97,4.62,0.00,8.60,12.76,6.64,541.86,7.60,19.49,0.02,0.00,0.25,0.05,0.55,0.58,3.69,1.40,7.46,10.98,4.06
24.00,1.00,5.00,31.00,71.00,0.00,5.35,0.00,0.00,0.00,0.00,18.18,4.63,0.00,9.12,12.78,7.41,469.35,7.67,20.67,0.01,0.02,0.32,0.06,0.57,0.60,3.70,1.49,7.76,10.80,3.46
24.00,1.00,6.00,31.00,71.00,0.00,5.35,0.00,0.00,0.00,0.00,17.74,4.61,0.00,8.94,12.58,4.49,462.06,7.53,19.79,0.03,0.01,0.25,0.05,0.55,0.62,3.51,1.41,7.62,10.81,3.46
24.00,1.00,7.00,31.00,71.00,0.00,5.35,0.00,0.00,0.00,0.00,17.84,4.61,0.00,8.82,12.57,6.12,457.00,7.53,19.35,0.01,0.00,0.36,0.05,0.48,0.55,3.68,1.39,7.43,10.72,3.46
24.00,1.00,8.00,31.00,71.00,0.00,5.29,0.00,0.00,0.00,0.00,18.30,4.69,0.00,9.04,12.88,4.75,483.12,7.67,19.81,0.01,0.00,0.29,0.04,0.56,0.70,3.72,1.50,7.59,11.00,3.60
24.00,1.00,9.00,31.00,71.06,0.00,5.11,0.01,0.00,0.00,0.00,15.47,4.82,0.00,12.55,10.22,9.86,319.18,11.22,20.03,0.02,0.00,0.30,0.07,0.65,0.56,3.68,1.78,3.78,8.89,3.16
24.00,1.00,10.00,31.00,71.33,0.00,5.02,0.00,0.00,0.00,0.00,12.23,4.93,0.00,18.06,7.58,8.78,242.50,16.37,16.85,0.01,0.01,0.28,0.04,0.65,0.60,3.01,1.89,1.45,6.76,3.30
24.00,1.00,11.00,31.00,71.17,0.00,4.80,0.00,0.00,0.00,0.00,12.50,5.18,0.01,18.55,7.13,17.73,254.64,15.97,17.06,0.04,0.01,0.28,0.07,0.84,0.73,4.10,1.94,0.80,5.01,3.85
